{
	"format_version": "1.8.0",
	"animations": {
		"idle": {
			"loop": true,
			"animation_length": 2,
			"bones": {
				"left_hand": {
					"rotation": {
						"0.0": {
							"vector": [-81.1598, -1.1869, 31.2198]
						},
						"2.0": {
							"vector": [-81.1598, -1.1869, 31.2198]
						}
					},
					"position": {
						"0.0": {
							"vector": [-1.1, -24.2, 0]
						},
						"2.0": {
							"vector": [-1.1, -24.2, 0]
						}
					},
					"scale": {
						"vector": [1, 1, 1]
					}
				},
				"right_hand": {
					"rotation": {
						"0.0": {
							"vector": [-82.0475, 1.5316, -26.0837]
						},
						"1.0": {
							"vector": [-77.0475, 1.5316, -26.0837]
						},
						"2.0": {
							"vector": [-82.0475, 1.5316, -26.0837]
						}
					},
					"position": {
						"0.0": {
							"vector": [1, -3, 3]
						},
						"2.0": {
							"vector": [1, -3, 3]
						}
					},
					"scale": {
						"vector": [1, 1, 1]
					}
				},
				"bone": {
					"rotation": {
						"0.0": {
							"vector": [71.5048, -82.0965, -71.6687]
						},
						"1.0": {
							"vector": [459.5753, -74.7978, -474.2461]
						},
						"2.0": {
							"vector": [71.5048, -82.0965, -71.6687]
						}
					},
					"position": {
						"0.0": {
							"vector": [0, -0.5, 2.5]
						},
						"1.0": {
							"vector": [0, -1, 3]
						},
						"2.0": {
							"vector": [0, -0.5, 2.5]
						}
					}
				},
				"bone2": {
					"rotation": {
						"vector": [0, 0, 0]
					},
					"position": {
						"vector": [0, 0, 0]
					},
					"scale": {
						"vector": [1, 1, 1]
					}
				},
				"root": {
					"position": {
						"vector": [0, 0, -4]
					}
				}
			}
		},
		"equip": {
			"animation_length": 0.5833,
			"bones": {
				"left_hand": {
					"rotation": {
						"0.0": {
							"vector": [-81.1598, -1.1869, 31.2198]
						},
						"0.5833": {
							"vector": [-81.1598, -1.1869, 31.2198]
						}
					},
					"position": {
						"0.0": {
							"vector": [-1.1, -24.2, 0]
						},
						"0.5833": {
							"vector": [-1.1, -24.2, 0]
						}
					},
					"scale": {
						"0.0": {
							"vector": [1, 1, 1]
						},
						"0.5833": {
							"vector": [1, 1, 1]
						}
					}
				},
				"right_hand": {
					"rotation": {
						"0.0": {
							"vector": [-24.5475, 1.5316, -26.0837]
						},
						"0.0833": {
							"vector": [-69.68522, -15.83085, 11.83975]
						},
						"0.1667": {
							"vector": [-104.66649, -7.33385, -10.83657]
						},
						"0.25": {
							"vector": [-98.35459, -11.33089, -24.77972]
						},
						"0.5833": {
							"vector": [-82.0475, 1.5316, -26.0837]
						}
					},
					"position": {
						"0.0": {
							"vector": [1, -6, 3]
						},
						"0.1667": {
							"vector": [1.2, -5.14, 3]
						},
						"0.25": {
							"vector": [1.16, -5.11, 3]
						},
						"0.5833": {
							"vector": [1, -3, 3]
						}
					},
					"scale": {
						"0.0": {
							"vector": [1, 1, 1]
						},
						"0.5833": {
							"vector": [1, 1, 1]
						}
					}
				},
				"bone": {
					"rotation": {
						"0.0": {
							"vector": [86.1142, -49.935, -87.0243]
						},
						"0.0833": {
							"vector": [25, 0, 0]
						},
						"0.1667": {
							"vector": [494.6258, -62.77751, -512.13843]
						},
						"0.3333": {
							"pre": {
								"vector": [0, -55.96122, 0]
							},
							"post": {
								"vector": [0, -55.96122, 0]
							},
							"lerp_mode": "catmullrom"
						},
						"0.5833": {
							"vector": [71.5048, -82.0965, -71.6687]
						}
					},
					"position": {
						"0.0": {
							"vector": [0, -13.5, 8.5]
						},
						"0.0833": {
							"vector": [1.43, -6.93, -0.47]
						},
						"0.1667": {
							"vector": [0.86, 12.14, 2.86]
						},
						"0.3333": {
							"pre": {
								"vector": [0.69, 3.71, 3.89]
							},
							"post": {
								"vector": [0.69, 3.71, 3.89]
							},
							"lerp_mode": "catmullrom"
						},
						"0.5833": {
							"vector": [0, -0.5, 2.5]
						}
					}
				},
				"bone2": {
					"rotation": {
						"0.0": {
							"vector": [0, 0, 0]
						},
						"0.5833": {
							"vector": [0, 0, 0]
						}
					},
					"position": {
						"0.0": {
							"vector": [0, 0, 0]
						},
						"0.5833": {
							"vector": [0, 0, 0]
						}
					},
					"scale": {
						"0.0": {
							"vector": [1, 1, 1]
						},
						"0.5833": {
							"vector": [1, 1, 1]
						}
					}
				},
				"root": {
					"position": {
						"vector": [0, 0, -4]
					}
				}
			}
		},
		"pre-launch": {
			"animation_length": 1.75,
			"bones": {
				"right_hand": {
					"rotation": {
						"0.0": {
							"vector": [-82.0475, 1.5316, -26.0837]
						},
						"0.4167": {
							"vector": [-82.05, 1.53, -26.08]
						},
						"0.5": {
							"vector": [-76.425, 1.53, -26.08]
						},
						"0.625": {
							"vector": [-184.55, 1.53, -26.08]
						},
						"0.7083": {
							"vector": [-179.55, 1.53, -26.08]
						},
						"0.75": {
							"vector": [-179.55, 1.53, -26.08]
						},
						"1.75": {
							"vector": [-179.55, 1.53, -26.08]
						}
					},
					"position": {
						"0.0": {
							"vector": [1, -3, 3]
						},
						"0.4167": {
							"vector": [1, -3, 3]
						},
						"0.75": {
							"vector": [1, -3, 3]
						},
						"1.2083": {
							"vector": [1, -2.75, 3]
						},
						"1.75": {
							"vector": [1, -3, 3]
						}
					},
					"scale": {
						"0.0": {
							"vector": [1, 1, 1]
						},
						"0.4167": {
							"vector": [1, 1, 1]
						},
						"0.75": {
							"vector": [1, 1, 1]
						},
						"1.75": {
							"vector": [1, 1, 1]
						}
					}
				},
				"left_hand": {
					"rotation": {
						"0.0": {
							"vector": [-81.1598, -1.1869, 31.2198]
						},
						"0.0833": {
							"vector": [-65.54889, 47.31786, 35.75253]
						},
						"0.2083": {
							"vector": [-68.23354, 42.77081, 34.76865]
						},
						"0.3333": {
							"vector": [-83.67467, 60.35919, 36.65368]
						},
						"0.375": {
							"vector": [-70.50416, 50.02303, 38.93731]
						},
						"0.4583": {
							"vector": [-156.6048, 29.3755, 43.4991]
						},
						"0.5": {
							"vector": [-144.1048, 29.3755, 43.4991]
						},
						"0.5833": {
							"vector": [-108.69215, 14.78202, 39.42484]
						},
						"0.625": {
							"vector": [-94.51225, 9.45763, 36.6891]
						},
						"0.7083": {
							"vector": [-81.1598, -1.1869, 31.2198]
						}
					},
					"position": {
						"0.0": {
							"vector": [-1.1, -24.2, 0]
						},
						"0.0833": {
							"vector": [5.57, -19.76, 0.44]
						},
						"0.2083": {
							"vector": [8, -13.09, 1.11]
						},
						"0.3333": {
							"vector": [5.43, -5.42, -1.32]
						},
						"0.375": {
							"vector": [6.84, -3.22, -0.77]
						},
						"0.5833": {
							"vector": [1.9, -4.2, 2]
						},
						"0.7083": {
							"vector": [-1.1, -24.2, 0]
						}
					},
					"scale": {
						"0.0": {
							"vector": [1, 1, 1]
						},
						"0.7083": {
							"vector": [1, 1, 1]
						}
					}
				},
				"bone": {
					"rotation": {
						"0.0": {
							"vector": [71.5048, -82.0965, -71.6687]
						},
						"0.375": {
							"vector": [540, -87.5, -555]
						},
						"0.4583": {
							"vector": [476.6088, -84.4112, -491.4996]
						},
						"0.5": {
							"vector": [540, -87.5, -555]
						},
						"0.625": {
							"vector": [627.1139, -29.9687, -643.5576]
						},
						"0.6667": {
							"vector": [626.8501, -37.4583, -643.0832]
						},
						"0.75": {
							"vector": [626.8501, -37.4583, -643.0832]
						},
						"1.2083": {
							"vector": [627.0366, -32.4654, -643.4085]
						},
						"1.75": {
							"vector": [626.8501, -37.4583, -643.0832]
						}
					},
					"position": {
						"0.0": {
							"vector": [0, -0.5, 2.5]
						},
						"0.4583": {
							"vector": [0, -0.25, 3]
						},
						"0.5": {
							"vector": [0, 0, 3]
						},
						"0.5417": {
							"vector": [-2.75, 5.5, 5.5]
						},
						"0.625": {
							"vector": [-5, 11, 17.5]
						},
						"0.6667": {
							"vector": [-5, 11, 17]
						},