{
	"format_version": "1.8.0",
	"animations": {
		"idle": {
			"loop": true,
			"animation_length": 4,
			"bones": {
				"right_hand": {
					"rotation": {
						"0.0": [0, 0, 0],
						"2.0": [4, 0, 0],
						"4.0": [0, 0, 0]
					},
					"position": {
						"0.0": [0, 0, 0],
						"2.0": [0, -0.2, 0],
						"4.0": [0, 0, 0]
					}
				},
				"left_hand": {
					"rotation": {
						"0.0": [0, 0, 0],
						"2.0": [1, 0, 0],
						"4.0": [0, 0, 0]
					},
					"position": {
						"0.0": [0, 0, 0],
						"2.0": [0, -0.2, 0],
						"4.0": [0, 0, 0]
					}
				},
				"gun": {
					"rotation": {
						"0.0": [0, 0, 0],
						"2.0": [3, 0, 0],
						"4.0": [0, 0, 0]
					},
					"position": {
						"0.0": [0, 0, 0],
						"2.0": [0, -0.4, 0],
						"4.0": [0, 0, 0]
					}
				},
				"root": {
					"position": [0, 0, 0]
				},
				"patron": {
					"scale": 0
				},
				"patron2": {
					"scale": 0
				},
				"patron3": {
					"scale": 0
				},
				"patron4": {
					"scale": 0
				}
			}
		},
		"shoot": {
			"animation_length": 0.375,
			"bones": {
				"right_hand": {
					"rotation": {
						"0.0": [0, 0, 0],
						"0.0833": [-14, 0, 5],
						"0.375": [0, 0, 0]
					},
					"position": {
						"0.0": [0, 0, 0],
						"0.0833": [0, 0, 0.7],
						"0.375": [0, 0, 0]
					}
				},
				"left_hand": {
					"rotation": {
						"0.0": [0, 0, 0],
						"0.0833": [-7.56397, 7.43547, -0.98448],
						"0.1667": [-4.68493, 5.29627, 3.34529],
						"0.375": [0, 0, 0]
					},
					"position": {
						"0.0": [0, 0, 0],
						"0.0833": [0, -0.4, 1.3],
						"0.1667": [0, -1.1, 1.1],
						"0.375": [0, 0, 0]
					}
				},
				"gun": {
					"rotation": {
						"0.0": [0, 0, 0],
						"0.0833": [-8, 0, 0],
						"0.1667": [-5, 0, 0],
						"0.25": [-1, 0, 0],
						"0.375": [0, 0, 0]
					},
					"position": {
						"0.0": [0, 0, 0],
						"0.0833": [0, 0.3, 3.75],
						"0.1667": [0, -0.1, 3.45],
						"0.25": [0, 0.15, 1.38],
						"0.375": [0, 0, 0]
					}
				},
				"root": {
					"position": {
						"0.0": [0, 0, 0],
						"0.375": [0, 0, 0]
					}
				},
				"patron": {
					"scale": 0
				},
				"patron2": {
					"scale": 0
				},
				"patron3": {
					"scale": 0
				},
				"patron4": {
					"scale": 0
				}
			}
		},
		"reload": {
			"animation_length": 1.875,
			"bones": {
				"right_hand": {
					"rotation": {
						"0.0": [0, 0, 0],
						"0.0833": [-14, 0, 0],
						"0.125": [-17, 0, 0],
						"0.1667": [-17.99024, -0.58463, -1.91268],
						"0.2083": [-17.96058, -1.20191, -3.81528],
						"0.25": [-16.96058, -1.20191, -3.81528],
						"0.2917": [-14.96058, -1.20191, -3.81528],
						"0.3333": [-8.96058, -1.20191, -3.81528],
						"0.375": [-9.10053, -10.09081, -2.39716],
						"0.4167": [-2.58832, -7.76554, 8.38458],
						"0.4583": [3.5265, 1.40129, 11.9769],
						"0.5": [1.25872, 0.90109, -2.01285],
						"0.5833": [2.25872, 0.90109, -2.01285],
						"0.625": [-1.10266, 19.80162, -3.99657],
						"0.6667": [-21.10564, 29.14652, -6.23247],
						"0.7083": [-21.00642, 28.6799, -6.02725],
						"0.75": [-27.79594, 23.74575, -6.91908],
						"0.7917": [-30.8872, 12.13465, -0.75953],
						"0.8333": [-45.78685, -12.60578, -24.26606],
						"0.875": [-47.04243, -13.3278, -29.34173],
						"0.9167": [-32.72307, -6.74319, -15.41078],
						"0.9583": [-22.02039, -11.38371, -13.52509],
						"1.0": [-18.23522, -8.49446, -6.49755],
						"1.0417": [-18.06092, 3.3883, -10.38786],
						"1.0833": [-12.06092, 3.3883, -10.38786],
						"1.125": [-5.23921, 15.34022, -11.47761],
						"1.1667": [15.72469, 5.82414, -2.94599],
						"1.25": [15.67687, -3.80453, -5.64936],
						"1.4167": [2.67687, -3.80453, -5.64936],
						"1.7917": [0, 0, 0]
					},
					"position": {
						"0.0": [0, 0, 0],
						"0.0833": [0, 0.3, 0.7],
						"0.125": [0, 0.4, 0.9],
						"0.1667": [0, 0.5, 1],
						"0.2083": [-0.1, 0.5, 1],
						"0.25": [-0.1, 0.4, 1],
						"0.2917": [-0.1, 0.2, 1.3],
						"0.3333": [-0.1, 0.2, 2.3],
						"0.375": [-0.1, 0.2, 5.3],
						"0.4167": [-0.1, -1.5, 9.3],
						"0.4583": [-0.1, -1.5, 10.9],
						"0.5": [-0.1, -1.3, 10.9],
						"0.5833": [-0.1, -1.5, 10.9],
						"0.625": [-0.8, -1.5, 10.9],
						"0.6667": [-0.8, -0.8, 11.3],
						"0.7083": [-1.7, -0.8, 13],
						"0.75": [-1.7, -0.3, 13],
						"0.7917": [-2, 0.9, 13],
						"0.8333": [-2.5, 1.8, 12.1],
						"0.875": [-2.5, 2, 11.5],
						"0.9167": [-2.5, 3, 8.8],
						"0.9583": [-1.7, 3, 6.8],
						"1.0": [0.3, 2, 5.8],
						"1.0417": [-0.2, 2, 5.8],
						"1.0833": [-1.2, 2, 5.8],
						"1.125": [-2.2, 0.7, 5.8],
						"1.1667": [-2.2, -1.3, 7],
						"1.2083": [-1.7, -2.3, 8],
						"1.25": [-1.3, -2.3, 9.5],
						"1.4167": [-1.3, -2.8, 9.5],
						"1.7917": [0, 0, 0]
					}
				},
				"left_hand": {
					"rotation": {
						"0.0": [0, 0, 0],
						"0.0417": [1.06131, -11.95366, -5.11112],
						"0.0833": [-19.93869, -11.95366, -5.11112],
						"0.125": [-40.18095, -13.419, -16.04163],
						"0.1667": [-46.47072, 0.58185, -4.6278],
						"0.2083": [-81.89186, 6.76312, -11.18605],
						"0.25": [-69.89186, 6.76312, -11.18605],
						"0.2917": [-66.66173, 9.17893, -16.73227],
						"0.3333": [-63.29594, 10.99682, -20.35145],
						"0.375": [-39.86298, 14.08034, -22.962],
						"0.4167": [11.40331, 30.29456, -19.64311],
						"0.4583": [36.02385, 27.14759, -3.0779],
						"0.5": [42.565, 15.74809, -15.1728],
						"0.6667": [38.40821, 37.62623, -14.54014],
						"0.7083": [46.53441, 48.18218, -4.09201],
						"0.9583": [-3.45328, 36.30036, -40.1767],
						"1.0": [2.12099, 45.37802, -32.40656],
						"1.0417": [6.79491, 41.99586, -25.83611],
						"1.0833": [13.79491, 41.99586, -25.83611],
						"1.125": [12.79491, 41.99586, -25.83611],
						"1.1667": [11.79491, 41.99586, -25.83611],
						"1.2083": [-4.25996, 45.82848, -38.0521],
						"1.25": [-20.57056, 24.72176, -26.68916],
						"1.2917": [-29.57056, 24.72176, -26.68916],
						"1.4167": [-38.24398, 28.5336, -21.50381],
						"1.7917": [0, 0, 0]
					},
					"position": {
						"0.0": [0, 0, 0],
						"0.0417": [0, 0, -1],
						"0.0833": [0.9, 2.6, -2.7],
						"0.125": [2.1, 4, -4.4],
						"0.1667": [2.5, 4.8, -4.4],
						"0.2083": [2.5, 4.9, -4.4],
						"0.25": [1.5, 4.9, -4.4],
						"0.2917": [1.5, 4.4, -4.4],
						"0.3333": [1.5, 4.3, -4.4],
						"0.375": [1.5, 5.1, -4.4],
						"0.4167": [1.5, 3.1, -5.3],
						"0.4583": [2.1, 1.5, -5.3],
						"0.5": [2.1, -0.4, -4.4],
						"0.5417": [2.1, -0.4, -2.4],
						"0.5833": [1.6, -0.4, -2.4],
						"0.7083": [1.6, -0.3, -2.4],
						"0.75": [1.6, 0.4, -2.4],
						"0.9583": [1.6, 0.1, -1.8],
						"1.0": [1.5, 0, -2],
						"1.0417": [1.5, -0.8, -2],
						"1.0833": [1.1, -1.2, -2.5],
						"1.2083": [1.1, -1.2, -3],
						"1.25": [0.7, -1.9, -3.9],
						"1.7917": [0, 0, 0]
					}
				},
				"gun": {
					"rotation": {
						"0.0": [0, 0, 0],
						"0.0833": [-9, 0, 0],
						"0.125": [-11, 0, 0],
						"0.1667": [-12.9694, -0.89911, -3.8978],
						"0.2083": [-12.93118, -1.34736, -5.8473],
						"0.25": [-11.93118, -1.34736, -5.8473],
						"0.2917": [-9.93118, -1.34736, -5.8473],
						"0.3333": [-7.93118, -1.34736, -5.8473],
						"0.375": [-3.93118, -1.34736, -5.8473],
						"0.4167": [5.06993, -10.34736, -5.85824],
						"0.4583": [15.06993, -10.34736, -5.85824],
						"0.5": [20.06993, -10.34736, -5.85824],
						"0.5833": [15.06993, -10.34736, -5.85824],
						"0.625": [14.94826, -7.44966, -5.07194],
						"0.6667": [10.88373, 6.19115, -1.95174],
						"0.7083": [4.88373, 6.19115, -1.95174],
						"0.75": [-15.11627, 6.19115, -1.95174],
						"0.7917": [-20.11627, 6.19115, -1.95174],
						"0.8333": [-36.11627, 6.19115, -1.95174],
						"0.875": [-49.11627, 6.19115, -1.95174],
						"0.9167": [-47.11627, 6.19115, -1.95174],
						"0.9583": [-45.11627, 6.19115, -1.95174],
						"1.0": [-44.11627, 6.19115, -1.95174],
						"1.0417": [-47.11627, 6.19115, -1.95174],
						"1.2083": [-28.11627, 6.19115, -1.95174],
						"1.25": [-34.11627, 6.19115, -1.95174],